{
  "meta": {
    "version": "1.0",
    "trainedAt": "2026-04-18T19:45:13.038Z",
    "rows": 50000,
    "featureKeys": [
      "conditionScore",
      "buildingAge",
      "numStudents",
      "isGirlsSchool",
      "waterLeak",
      "wiringExposed",
      "roofLeakFlag",
      "issueFlag",
      "crackWidthMM",
      "toiletFunctionalRatio",
      "powerOutageHours",
      "weather_HeavyRain",
      "weather_Coastal",
      "weather_SemiArid",
      "weather_Tribal",
      "cat_electrical",
      "cat_structural"
    ],
    "lambda": 0.001,
    "method": "closed-form OLS with ridge"
  },
  "priority": {
    "intercept": -32.705213767236856,
    "coefs": [
      10.271625844938713,
      0.2974186930088793,
      0.010112553031128914,
      20.066214264971123,
      -0.018799160906381895,
      0.20557664652975202,
      0.2476642107044692,
      0.03750888255124202,
      1.2125206969673843,
      -0.49782089594497025,
      0.0038680689522339086,
      0.05482808242601145,
      -0.12095457674291171,
      0,
      0.005378133762083029,
      -0.45580107274609105,
      -0.35948641154821814
    ]
  },
  "daysToFailure": {
    "intercept": 118.52874823559554,
    "coefs": [
      -14.840306813299222,
      -0.49452973850128956,
      -0.0002181403293582763,
      -0.049319405606242955,
      0.03473929026925332,
      0.19592034492525723,
      -0.13465311673479258,
      0.11725989134671472,
      -1.9678456138953888,
      0.3714630802950327,
      0.005802538400285898,
      -0.01824730188289797,
      0.047701026482917304,
      0,
      -0.037505278142798,
      0.016873615354867866,
      0.027098119991904923
    ]
  },
  "fail30": {
    "intercept": -0.6541042870356288,
    "coefs": [
      0.20543251695293235,
      0.005948373862438103,
      0.00000225106050875494,
      0.0013243234163211586,
      -0.00037598340415092397,
      0.0041115326154281765,
      0.004953284169331387,
      0.0007501776323373885,
      0.0242504139471076,
      -0.009956417516864158,
      0.00007736138021175271,
      0.001096561606512442,
      -0.0024190914095544506,
      0,
      0.0001075627782337349,
      -0.009116021442312494,
      -0.007189728082996671
    ]
  },
  "fail60": {
    "intercept": -0.13514502617897262,
    "coefs": [
      0.1691447909164833,
      0.005402291627135972,
      0.0000018892731758793922,
      -0.0002760262569495844,
      0.0005422433856916405,
      -0.011931542743301996,
      -0.0009281877030052066,
      -0.00028703872559466496,
      0.021402596687531472,
      0.0000479502385374404,
      -0.0001083895533396835,
      -0.0023950273139355985,
      -0.0035231115217986587,
      0,
      -0.005285283659574159,
      0.004548697467191776,
      0.00479605173360409
    ]
  }
}